Reference Seq,Position,Mutation Type,Sequence Change,Gene,Function,Product,GO Process,GO Component,Mut ID,Details,ndh-cydB-appC A0 F0 I1 R1,ndh-cydB-appC A9 F13 I0 R1,ndh-cydB-appC A9 F22 I0 R1,ndh-cydB-appC A9 F30 I0 R1,ndh-cydB-appC A9 F46 I0 R1,ndh-cydB-appC A9 F46 I1 R1,ndh-cydB-appC A9 F49 I0 R1,ndh-cydB-appC A9 F66 I0 R1,ndh-cydB-appC A9 F66 I0 R2,ndh-cydB-appC A9 F66 I1 R1,ndh-cydB-appC A10 F13 I0 R1,ndh-cydB-appC A10 F22 I0 R1,ndh-cydB-appC A10 F32 I0 R1,ndh-cydB-appC A10 F48 I0 R1,ndh-cydB-appC A10 F48 I1 R1,ndh-cydB-appC A10 F52 I0 R1,ndh-cydB-appC A10 F71 I0 R1,ndh-cydB-appC A10 F71 I0 R2,ndh-cydB-appC A10 F71 I1 R1,ndh-cydB-appC A11 F13 I0 R1,ndh-cydB-appC A11 F22 I0 R1,ndh-cydB-appC A11 F28 I0 R1,ndh-cydB-appC A11 F46 I0 R1,ndh-cydB-appC A11 F46 I1 R1,ndh-cydB-appC A11 F47 I0 R1,ndh-cydB-appC A11 F63 I0 R1,ndh-cydB-appC A11 F63 I0 R2,ndh-cydB-appC A11 F63 I1 R1,ndh-cydB-appC A12 F22 I0 R1,ndh-cydB-appC A12 F27 I0 R1,ndh-cydB-appC A12 F44 I0 R1,ndh-cydB-appC A12 F46 I0 R1,ndh-cydB-appC A12 F46 I1 R1,ndh-cydB-appC A12 F60 I0 R1,ndh-cydB-appC A12 F60 I0 R2,ndh-cydB-appC A12 F60 I1 R1,ndh-cydB-appC A13 F13 I0 R1
NC_000913,"2,229,177",SNP,A→C,"yohP, dusC",,uncharacterized protein/tRNA-dihydrouridine synthase C,,,1582339,intergenic (+112/+261),,,0.24,,,,,,,,,,,,,,,,,,,0.26,,,,,,,,,,,,,,,
NC_000913,"4,296,060",SNP,C→T,"gltP, yjcO",,glutamate/aspartate:proton symporter/Sel1 family TPR-like repeat protein,,,1103621,intergenic (+266/+376),,0.34,0.32,0.33,0.43,,0.32,0.26,,,0.32,0.27,0.29,0.39,,0.28,0.30,0.27,,0.26,0.33,0.29,0.30,,0.29,0.32,0.22,,0.29,0.29,0.32,0.55,,0.28,,,0.27
NC_000913,"257,908",DEL,Δ776 bp,[crl],,[crl],,,481286,,1.00,1.00,1.00,1.00,1.00,1.00,1.00,1.00,1.00,1.00,1.00,1.00,1.00,1.00,1.00,1.00,1.00,1.00,1.00,1.00,1.00,1.00,1.00,1.00,1.00,1.00,1.00,1.00,1.00,1.00,1.00,1.00,1.00,1.00,1.00,1.00,1.00
NC_000913,"3,440,923",SNP,C→A,rpoA,,"RNA polymerase, alpha subunit",,,1655563,G36V (GGC→GTC),,,,1.00,,,1.00,1.00,1.00,1.00,,,,,,,,,,,,,,,,,,,,,,,,,,,
NC_000913,"4,186,578",SNP,A→G,rpoC,,"RNA polymerase, beta prime subunit",,,1656845,D410G (GAT→GGT),,,,,,,,,,,,,,,,,,,,,,0.64,,,0.66,1.00,0.89,1.00,,,,,,,,,
NC_000913,"1,122,286",SNP,T→G,pyrC,,dihydro-orotase,,,1657103,N108H (AAC→CAC),,,,,,,,,,,,,,,,0.43,0.51,0.55,,,,,,,,,,,,,,,,,,,
NC_000913,"2,020,473",SNP,C→A,fliM,,flagellar motor switching and energizing component,,,1657361,N129K (AAC→AAA),,,,,,,,,,1.00,,,,,,,,,,,,,,,,,,,,,,,,,,,
NC_000913,"45,367",SNP,C→T,fixC,,putative oxidoreductase,,,1657362,S396S (AGC→AGT),,,,,,,,,,,,,,,,,,,,,0.24,,,,,,,,,,,,,,,,
NC_000913,"422,710",SNP,C→A,malZ,,maltodextrin glucosidase,,,1657363,R65S (CGT→AGT),,,,,,,,,,,,,,,,,,,,,0.25,,,,,,,,,,,,,,,,
NC_000913,"1,755,531",MOB,IS2 (–) +5 bp,"ydhZ, pykF",,uncharacterized protein/pyruvate kinase I,,,1656878,intergenic (‑390/‑163),,,,,,,,,,,,,,,,,,,,,,,,,,,,,,0.22,,,,,,,
NC_000913,"672,388",SNP,G→T,leuS,,leucyl-tRNA synthetase,,,1657367,S799Y (TCC→TAC),,,,,,,,,,,,,,,,,,,,,0.29,,,,,,,,,,,,,,,,
NC_000913,"4,633,657",SNP,C→T,yjjX,,"non-canonical purine NTP phosphatase, ITPase/XTPase",,,1656856,C30Y (TGC→TAC),,,,,,,,,,,,,,,,,,,,,,0.70,,,0.78,1.00,1.00,1.00,,,0.37,,,0.56,0.59,1.00,
NC_000913,"4,633,785",SNP,C→A,"yjjX, ytjC",,"non-canonical purine NTP phosphatase, ITPase/XTPase/phosphatase",,,1656857,intergenic (‑40/‑12),,,,,,,,,,,,,,,,,,,,,,,0.22,1.00,,,,,,,,,,,,,
NC_000913,"494,987",SNP,G→T,recR,,gap repair protein,,,1656859,G195W (GGG→TGG),,,,,,,,,,,,,,,,,,,,,,,,,,,,1.00,,,,,,,,,
NC_000913,"702,338",INS,(T)7→8,nagA,,N-acetylglucosamine-6-phosphate deacetylase,,,1656860,coding (414/1149 nt),,,,,,,,,,,,,,,,,,,,,,,,,,,,1.00,,,,,,,,,
NC_000913,"987,008",DEL,(T)8→7,"ompF, asnS",,outer membrane porin 1a (Ia;b;F)/asparaginyl tRNA synthetase,,,1656861,intergenic (‑26/+577),,,,,,,,,,,,,,,,,,,,,,,,,,,,1.00,,,,,,,,,
NC_000913,"1,434,787",SNP,G→A,"ynaE, ttcC",,"cold shock protein, Rac prophage/pseudogene, prophage Rac integration site ttcA duplication;Phage or Prophage Related",,,1657374,intergenic (‑563/+171),,,,,,,,,,,,,,,,,,,,,0.27,,,,,,,,,,,,,,,,
NC_000913,"2,471,252",SNP,T→C,yfdK,,CPS-53 (KpLE1) prophage; conserved protein,,,1656863,N89S (AAC→AGC),,,,,,,,,,,,,,,,,,,,,,,,,,,,1.00,,,,,,,,,
NC_000913,"4,633,634",SNP,C→T,yjjX,,"non-canonical purine NTP phosphatase, ITPase/XTPase",,,1656864,E38K (GAG→AAG),,,,,,,,,,,,0.89,1.00,1.00,1.00,1.00,1.00,1.00,1.00,,,,,,,,,,,,,,,,0.24,,
NC_000913,"2,311,056",SNP,T→A,apbE,,putative thiamine-synthetic flavin transferase lipoprotein,,,1657377,H160L (CAC→CTC),,,,,,,,,,,,,,,,,,,,,0.29,,,,,,,,,,,,,,,,
NC_000913,"2,508,936",SNP,G→A,glk,,glucokinase,,,1657378,A164V (GCG→GTG),,,,,,,,,,,,,,,,,,,,,0.27,,,,,,,,,,,,,,,,
NC_000913,"2,832,057",SNP,G→A,norR,,anaerobic nitric oxide reductase DNA-binding transcriptional activator,,,1657380,A78V (GCG→GTG),,,,,,,,,,,,,,,,,,,,,0.21,,,,,,,,,,,,,,,,
NC_000913,"4,296,380",INS,+CG,"gltP, yjcO",,glutamate/aspartate:proton symporter/Sel1 family TPR-like repeat protein,,,1103622,intergenic (+586/+56),,1.00,1.00,1.00,1.00,,1.00,1.00,1.00,,1.00,1.00,1.00,1.00,,1.00,1.00,1.00,,1.00,1.00,1.00,1.00,,1.00,1.00,1.00,,1.00,1.00,1.00,1.00,,1.00,1.00,,1.00
NC_000913,"678,469",SNP,T→C,djlB,,"putative HscC co-chaperone, uncharacterized J domain-containing protein",,,1657368,L352P (CTG→CCG),,,,,,,,,,,,,,,,,,,,,0.22,,,,,,,,,,,,,,,,
NC_000913,"3,781,044",SNP,T→A,"lldD, trmL",,"L-lactate dehydrogenase, FMN-linked/tRNA Leu mC34,mU34 2'-O-methyltransferase, SAM-dependent",,,1656872,intergenic (+27/‑171),,,,,,,,,,,,,,,,,,,,,,,,,,0.21,,,,,,,,,,,
NC_000913,"3,223,190",SNP,G→A,ebgA,,"evolved beta-D-galactosidase, alpha subunit",,,1657385,V186V (GTG→GTA),,,,,,,,,,,,,,,,,,,,,0.22,,,,,,,,,,,,,,,,
NC_000913,"3,367,915",SNP,C→T,yhcG,,DUF1016 family protein in the PD-(D/E)XK nuclease superfamily,,,1657386,T30M (ACG→ATG),,,,,,,,,,,,,,,,,,,,,0.27,,,,,,,,,,,,,,,,
NC_000913,"4,362,665",SNP,A→C,"pheU, yjdC",,tRNA-Phe/putative transcriptional regulator,,,1656875,intergenic (‑39/+68),,,,,,,,,,,,,,,,,,,,,,,,,,,,,,,,,1.00,,,,
NC_000913,"3,505,814",SNP,C→T,yhfS,,FNR-regulated pyridoxal phosphate-dependent aminotransferase family protein,,,1657388,A69A (GCG→GCA),,,,,,,,,,,,,,,,,,,,,0.22,,,,,,,,,,,,,,,,
NC_000913,"4,362,578",SNP,G→T,pheU,,tRNA-Phe,,,1656882,noncoding (49/76 nt),,,,,,,,,,,,,,,,,,,,,,,,,,,,,0.67,0.72,0.41,0.50,,0.24,0.28,,
NC_000913,"3,729,927",SNP,T→C,xylA,,D-xylose isomerase,,,1657390,H280R (CAT→CGT),,,,,,,,,,,,,,,,,,,,,0.33,,,,,,,,,,,,,,,,
NC_000913,"3,934,882",SNP,G→A,rbsA,,D-ribose ABC transporter ATPase,,,1657391,A369T (GCC→ACC),,,,,,,,,,,,,,,,,,,,,0.29,,,,,,,,,,,,,,,,
NC_000913,"3,966,263",MOB,IS1 (+) +9 bp,"trxA, rho",,thioredoxin 1/transcription termination factor,,,1657392,intergenic (+173/‑146),,,,,,,,,,,,,,,,,,,,,0.32,,,,,,,,,,,,,,,,
NC_000913,"4,344,839",SNP,C→A,"melB, yjdF",,melibiose:sodium symporter/DUF2238 family inner membrane protein,,,1657394,intergenic (+49/+90),,,,,,,,,,,,,,,,,,,,,0.25,,,,,,,,,,,,,,,,
NC_000913,"4,183,399",DEL,Δ3 bp,rpoB,,"RNA polymerase, beta subunit",,,1656884,coding (2155‑2157/4029 nt),,,,,,,,,,,,,0.85,,,0.67,0.72,0.71,1.00,,,,,,,,,,,,,,,,,,
NC_000913,"4,362,553",SNP,G→T,pheU,,tRNA-Phe,,,1656890,noncoding (74/76 nt),,,,,,,,,,,,,,,,,,,,,,,0.54,,,,,,,,,,,,,,
NC_000913,"2,173,363",DEL,Δ2 bp,"gatC, gatC",,"pseudogene, galactitol-specific enzyme IIC component of PTS;transport; Transport of small molecules: Carbohydrates, organic acids, alcohols; PTS system galactitol-specific enzyme IIC/pseudogene, galactitol-specific enzyme IIC component of PTS;transport; Transport of small molecules: Carbohydrates, organic acids, alcohols; PTS system galactitol-specific enzyme IIC",,,566843,intergenic (‑1/+1),1.00,,,,,1.00,,,,1.00,,,,,1.00,,,,1.00,,,,,1.00,,,,1.00,,,,,1.00,,,1.00,
NC_000913,"3,815,809",DEL,Δ1 bp,"pyrE, rph",,orotate phosphoribosyltransferase/ribonuclease PH (defective);enzyme; Degradation of RNA; RNase PH,,,1115222,intergenic (‑41/+25),,,,,,,,,,,,,,,,0.27,0.38,0.32,,,,,,,,,,,,,,,,,,,
NC_000913,"3,277,257",INS,+CATTCAA,prlF,,antitoxin of the SohA(PrlF)-YhaV toxin-antitoxin system,,,1194421,coding (256/336 nt),,,,,,,,,,,,,,,,,,,,,,,,,,,,,,,0.23,,,0.40,0.45,,
NC_000913,"1,630,528",SNP,T→G,ydfI,,putative NAD-dependent D-mannonate oxidoreductase,,,1657158,Y129S (TAT→TCT),,,,,,,,,,1.00,,,,,,,,,,,,,,,,,,,,,,,,,,,
NC_000913,"3,815,808",DEL,(A)8→7,"pyrE, rph",,orotate phosphoribosyltransferase/ribonuclease PH (defective);enzyme; Degradation of RNA; RNase PH,,,1112143,intergenic (‑40/+26),,,,,,,,,,,,,,,,,,,1.00,,,,,,,,,,,,,,,,,,
NC_000913,"3,504,873",SNP,T→A,"frlR, yhfS",,putative DNA-binding transcriptional regulator/FNR-regulated pyridoxal phosphate-dependent aminotransferase family protein,,,1582422,intergenic (+90/+62),,,,,,,,,,,,,,,,,,,,0.20,,,,,,,,,,,,,,,,,
NC_000913,"4,285,364",SNP,T→C,"yjcH, acs",,DUF485 family inner membrane protein/acetyl-CoA synthetase,,,1656847,intergenic (‑151/+49),,,,,,,,,,,,,,,,,,,,,,,,,,,,1.00,,,,,,,,,
NC_000913,"2,173,361",DEL,Δ2 bp,gatC,,"pseudogene, galactitol-specific enzyme IIC component of PTS;transport; Transport of small molecules: Carbohydrates, organic acids, alcohols; PTS system galactitol-specific enzyme IIC",,,1103452,pseudogene (1‑2/442 nt),,1.00,1.00,1.00,1.00,,1.00,1.00,1.00,,1.00,1.00,1.00,1.00,,1.00,1.00,1.00,,1.00,1.00,1.00,1.00,,1.00,1.00,1.00,,1.00,1.00,1.00,1.00,,1.00,1.00,,1.00
NC_000913,"3,982,684",INS,(C)8→9,leuT,,tRNA-Leu,,,1581149,noncoding (79/87 nt),,,,,,,,,,,,,,,,,,,,,,,,,,,,1.00,,,,,,,,,
NC_000913,"808,205",SNP,A→C,bioA,,"7,8-diaminopelargonic acid synthase, PLP-dependent",,,1657188,R351R (CGT→CGG),,,,,0.22,,,,,,,,,,,,,,,,,,,,,,,,,,,,,,,,
NC_000913,"2,304,649",SNP,C→T,"eco, mqo",,"ecotin, a serine protease inhibitor/malate dehydrogenase, FAD/NAD(P)-binding domain",,,1114470,intergenic (+256/+459),,,,,,,,,,,,,,,,,,,,0.24,,,,,,,,,,,,,,,,,
NC_000913,"624,598",SNP,A→T,"fepB, entC",,ferrienterobactin ABC transporter periplasmic binding protein/isochorismate synthase 1,,,1656678,intergenic (‑88/‑287),,,,,,,,,,,,,,,,,,0.29,,,,,,,,,,,,,,,,,,,
NC_000913,"1,196,232",SNP,C→T,icd,,isocitrate dehydrogenase; e14 prophage attachment site; tellurite reductase,,,568941,T370T (ACC→ACT),,,,,,,,,,,,,,,,,,,,,,,,,,,,,,,,,,,,1.00,
NC_000913,"1,196,220",SNP,C→T,icd,,isocitrate dehydrogenase; e14 prophage attachment site; tellurite reductase,,,568940,H366H (CAC→CAT),,,,,,,,,,,,,,,,,,,,,,,,,,,,,,,,,,,,1.00,
NC_000913,"4,640,551",MOB,IS1 (–) +9 bp,"yjjY, yjtD",,uncharacterized protein/putative methyltransferase,,,1656594,intergenic (+9/‑383),1.00,1.00,1.00,1.00,1.00,1.00,1.00,1.00,1.00,1.00,1.00,1.00,1.00,1.00,1.00,1.00,1.00,1.00,1.00,1.00,1.00,1.00,1.00,1.00,1.00,1.00,1.00,1.00,1.00,1.00,1.00,1.00,1.00,1.00,0.91,1.00,1.00
NC_000913,"2,297,114",INS,(C)7→8,ccmA,,heme export ABC transporter ATPase,,,1581178,coding (531/624 nt),,,,,,,,,,,,,,,,,,,,,,,,,,,,1.00,,,,,,,,,
NC_000913,"4,362,581",SNP,C→A,pheU,,tRNA-Phe,,,1657214,noncoding (46/76 nt),,,0.86,,0.37,,,,,,,,,,,,,,,,,,,,,,,,,,,,,,,,
NC_000913,"2,038,161",DEL,(T)7→6,yedW,,response regulator family protein,,,1657215,coding (663/672 nt),,,,,,,,,,,,,,,,,,,1.00,,,,,,,,,,,,,,,,,,
NC_000913,"3,487,100",SNP,G→T,yhfK,,"putative transporter, FUSC superfamily inner membrane protein",,,1657216,V104F (GTC→TTC),,,,,,,,,,,,,,,,,,,1.00,,,,,,,,,,,,,,,,,,
NC_000913,"1,151,890",SNP,T→G,"acpP, fabF",,acyl carrier protein (ACP)/3-oxoacyl-[acyl-carrier-protein] synthase II,,,1657219,intergenic (+39/‑49),,0.20,,,,,,,,,,,,,,,,,,,,,,,,,,,,,,,,,,,
NC_000913,"4,606,207",INS,+G,leuP,,tRNA-Leu,,,1656855,noncoding (80/87 nt),,,,,,,,,,,,,,,,,,,,,,,,,,,1.00,,,,,,,,,,
NC_000913,"4,606,215",INS,(G)8→9,leuP,,tRNA-Leu,,,1581198,noncoding (72/87 nt),,,,,,,,,,,,,,,,,,,,,,,,,,,,1.00,,,,,,,,,
NC_000913,"1,151,889",SNP,T→G,"acpP, fabF",,acyl carrier protein (ACP)/3-oxoacyl-[acyl-carrier-protein] synthase II,,,1582445,intergenic (+38/‑50),,0.23,,,,,,,,,,,,,,,,,,,,,,,,,,,,,,,,,,,
NC_000913,"4,633,743",SNP,C→T,yjjX,,"non-canonical purine NTP phosphatase, ITPase/XTPase",,,1656984,M1M (ATG→ATA) †,,,,1.00,0.38,,1.00,1.00,1.00,1.00,,,,,,,,,,,,,,,,,,,,,,,,,,,
NC_000913,"681,014",SNP,A→G,djlC,,J domain-containing HscC co-chaperone; Hsc56,,,1657369,E268G (GAA→GGA),,,,,,,,,,,,,,,,,,,,,0.25,,,,,,,,,,,,,,,,
NC_000913,"2,375,828",MOB,IS186 (+) +4 bp,menC,,O-succinylbenzoyl-CoA synthase,,,1566872,coding (132‑135/963 nt),1.00,1.00,1.00,1.00,1.00,1.00,1.00,1.00,1.00,1.00,1.00,1.00,1.00,1.00,1.00,1.00,1.00,1.00,1.00,1.00,1.00,1.00,1.00,1.00,1.00,1.00,1.00,1.00,1.00,1.00,1.00,1.00,1.00,1.00,1.00,1.00,1.00
NC_000913,"4,189,448",SNP,C→T,rpoC,,"RNA polymerase, beta prime subunit",,,643743,Q1367* (CAG→TAG),,,,,,,,,,,,,,,,,,,,,,,,,,,,,0.33,0.25,0.57,0.57,,0.79,0.79,1.00,
NC_000913,"3,269,956",SNP,T→C,"yhaC, rnpB",,"pentapetide repeats-related protein/RNase P, M1 RNA component",,,1113505,intergenic (+354/+260),,,,,,,,,,,,,,,,,,,,,,,0.21,,,,,,,,,,,,,,
NC_000913,"1,757,082",MOB,IS5 (+) +4 bp,pykF,,pyruvate kinase I,,,1112482,coding (1385‑1388/1413 nt),,,,,,,,,,,,,,,,,,,,,,,,,0.25,,,,,,,,,,,,
NC_000913,"1,978,503",DEL,Δ776 bp,"insB1,insA",,"insB1,insA",,,1102505,,1.00,1.00,1.00,1.00,1.00,1.00,1.00,1.00,1.00,1.00,1.00,1.00,1.00,1.00,1.00,1.00,1.00,1.00,1.00,1.00,1.00,1.00,1.00,1.00,1.00,1.00,1.00,1.00,1.00,1.00,1.00,1.00,1.00,1.00,1.00,1.00,1.00
NC_000913,"3,815,859",DEL,Δ82 bp,"[rph],[rph]",,"[rph],[rph]",,,1102506,,,,,,,,,,,,,,,0.36,1.00,0.29,0.27,0.38,,,,,,,,,,,,,,,1.00,,,,
NC_000913,"1,757,082",MOB,IS5 (–) +4 bp,pykF,,pyruvate kinase I,,,1603370,coding (1385‑1388/1413 nt),,,,,,,,,,,,,,,,,,,,,,,,,,,,,,,0.22,,,0.23,,,
NC_000913,"2,019,460",SNP,G→A,fliK,,flagellar hook-length control protein,,,669363,V359I (GTC→ATC),1.00,1.00,1.00,1.00,1.00,1.00,1.00,1.00,1.00,1.00,1.00,1.00,1.00,1.00,1.00,1.00,1.00,1.00,1.00,1.00,1.00,1.00,1.00,1.00,1.00,1.00,1.00,1.00,1.00,1.00,1.00,1.00,1.00,1.00,1.00,1.00,1.00
NC_000913,"1,463,322",SNP,A→C,paaK,,phenylacetyl-CoA ligase,,,1657012,I400L (ATT→CTT),,,,,,,,,,,,,,,,,,,,,,,,,,,,,,,,,,,,1.00,
NC_000913,"1,049,313",SNP,G→A,gfcB,,O-antigen capsule production lipoprotein,,,1656862,S7L (TCG→TTG),,,,,,,,,,,,,,,,,,,,,,,,,,,,1.00,,,,,,,,,
NC_000913,"4,296,381",INS,+GC,"gltP, yjcO",,glutamate/aspartate:proton symporter/Sel1 family TPR-like repeat protein,,,644028,intergenic (+587/+55),1.00,,,,,1.00,,,,1.00,,,,,1.00,,,,1.00,,,,,1.00,,,,1.00,,,,,1.00,,,1.00,
NC_000913,"1,897,454",SNP,A→G,sdaA,,L-serine dehydratase 1,,,1657376,T175A (ACC→GCC),,,,,,,,,,,,,,,,,,,,,0.24,,,,,,,,,,,,,,,,
NC_000913,"4,406,129",SNP,T→C,"purA, nsrR",,adenylosuccinate synthetase/nitric oxide-sensitive repressor for NO regulon,,,1102531,intergenic (+144/‑61),1.00,1.00,1.00,1.00,1.00,1.00,1.00,1.00,1.00,1.00,1.00,1.00,1.00,1.00,1.00,1.00,1.00,1.00,1.00,1.00,1.00,1.00,1.00,1.00,1.00,1.00,0.93,1.00,1.00,1.00,1.00,1.00,1.00,1.00,1.00,1.00,1.00
NC_000913,"1,299,499",DEL,"Δ1,199 bp","ychE, oppA",,UPF0056 family inner membrane protein/oligopeptide ABC transporter periplasmic binding protein,,,612037,intergenic (+254/‑485),,,,,,,,,,,,,,,,,,,1.00,,1.00,,1.00,1.00,,,,,,,,,,,1.00,,
NC_000913,"222,965",DEL,(A)8→7,gmhB,,"D,D-heptose 1,7-bisphosphate phosphatase",,,1656776,coding (133/576 nt),1.00,,,,,,,,,1.00,,,,,1.00,,,,1.00,,,,,1.00,,,,1.00,,,,,1.00,,,1.00,
NC_000913,"2,904,212",SNP,G→A,"ygcE, queE",,putative kinase/7-carboxy-7-deazaguanine synthase; queosine biosynthesis,,,1656777,intergenic (+838/+535),1.00,1.00,1.00,1.00,0.89,,1.00,1.00,1.00,1.00,1.00,1.00,1.00,1.00,1.00,1.00,1.00,1.00,1.00,1.00,1.00,1.00,1.00,1.00,1.00,1.00,1.00,1.00,1.00,1.00,1.00,1.00,1.00,1.00,1.00,1.00,1.00
NC_000913,"222,958",DEL,Δ1 bp,gmhB,,"D,D-heptose 1,7-bisphosphate phosphatase",,,1656779,coding (126/576 nt),,1.00,1.00,1.00,1.00,,1.00,1.00,1.00,,1.00,1.00,1.00,1.00,,1.00,1.00,1.00,,1.00,1.00,1.00,1.00,,1.00,1.00,1.00,,1.00,1.00,1.00,1.00,,1.00,1.00,,1.00
NC_000913,"2,177,234",SNP,C→A,"gatY, fbaB",,"D-tagatose 1,6-bisphosphate aldolase 2, catalytic subunit/fructose-bisphosphate aldolase class I",,,1111760,intergenic (‑30/+278),,,,,,,,,,,,,,,,,,,,,,0.22,,,,,,,,,,,,,,,
NC_000913,"2,177,245",SNP,G→T,"gatY, fbaB",,"D-tagatose 1,6-bisphosphate aldolase 2, catalytic subunit/fructose-bisphosphate aldolase class I",,,1111761,intergenic (‑41/+267),,,,,,,,,,,,,,,,,,,,0.23,,0.20,,,,,,,,,,,,,,,
NC_000913,"3,890,075",MOB,IS5 (–) +4 bp,tnaA,,"tryptophanase/L-cysteine desulfhydrase, PLP-dependent",,,673237,coding (1346‑1349/1416 nt),1.00,1.00,1.00,1.00,1.00,1.00,1.00,1.00,1.00,1.00,1.00,1.00,1.00,1.00,1.00,1.00,1.00,1.00,1.00,1.00,1.00,1.00,1.00,1.00,1.00,1.00,1.00,1.00,1.00,1.00,1.00,1.00,1.00,1.00,1.00,1.00,1.00
NC_000913,"581,227",SNP,A→C,nohD,,DLP12 prophage; DNA packaging protein,,,1602518,I132L (ATC→CTC),,,,,,,,,,,,,,,,,,,,,,,,,,,0.22,,,,,,,,,,
NC_000913,"2,470,427",SNP,C→A,gtrS,,"serotype-specific glucosyl transferase, CPS-53 (KpLE1) prophage",,,1111801,Q433K (CAA→AAA),,,,,,,0.23,,,,,,0.21,,,0.20,,,,,,,,,,,,,,,,,,,,,
NC_000913,"2,958,329",SNP,C→T,ptrA,,protease III,,,1657381,A186T (GCA→ACA),,,,,,,,,,,,,,,,,,,,,0.27,,,,,,,,,,,,,,,,
NC_000913,"1,196,245",SNP,T→C,icd,,isocitrate dehydrogenase; e14 prophage attachment site; tellurite reductase,,,673248,L375M (TTA→CTG),,,,,,,,,,,,,,,,,,,,,,,,,,,,,,,,,,,,1.00,
NC_000913,"1,196,247",SNP,A→G,icd,,isocitrate dehydrogenase; e14 prophage attachment site; tellurite reductase,,,673249,L375M (TTA→CTG),,,,,,,,,,,,,,,,,,,,,,,,,,,,,,,,,,,,1.00,
NC_000913,"3,000,354",SNP,G→A,xdhA,,"xanthine dehydrogenase, molybdenum binding subunit",,,1657382,D4N (GAT→AAT),,,,,,,,,,,,,,,,,,,,,0.27,,,,,,,,,,,,,,,,
NC_000913,"3,437,445",SNP,G→A,trkA,,NAD-binding component of TrK potassium transporter,,,1657064,A310T (GCC→ACC),,,,,,,,,,,,,,,,,,,,,,,,,,,,,,,0.27,,,,,,
NC_000913,"1,552,191",SNP,C→A,"fdnI, yddM",,"formate dehydrogenase-N, cytochrome B556 (gamma) subunit, nitrate-inducible/putative DNA-binding transcriptional regulator",,,692713,intergenic (+200/+207),,,,,,,,,,,,,,,,,,,,,,,,,,,,,,,,0.22,,,,,
NC_000913,"1,351,196",DEL,(G)7→6,"fabI, ycjD",,"enoyl-[acyl-carrier-protein] reductase, NADH-dependent/DUF559 family endonuclease-related protein",,,673258,intergenic (‑157/+211),,,,,,,,,,,,,,,,,,,,,,,,,,,,1.00,,,,,,,,,
NC_000913,"3,560,455",INS,+G,"glpR, glpR",,"pseudogene, DNA-binding transcriptional repressor;regulator; Energy metabolism, carbon: Anaerobic respiration; repressor of the glp operon/pseudogene, DNA-binding transcriptional repressor;regulator; Energy metabolism, carbon: Anaerobic respiration; repressor of the glp operon",,,564207,intergenic (‑2/+1),1.00,1.00,1.00,1.00,1.00,1.00,1.00,1.00,1.00,1.00,1.00,1.00,1.00,1.00,1.00,1.00,1.00,1.00,1.00,1.00,1.00,1.00,1.00,1.00,1.00,1.00,1.00,1.00,1.00,1.00,1.00,1.00,1.00,1.00,1.00,1.00,1.00
NC_000913,"4,233,642",SNP,G→A,"lysC, pgi",,lysine-sensitive aspartokinase 3/glucosephosphate isomerase,,,1657073,intergenic (‑409/‑116),,,,,,,,,,,,,,,,,,,,,,,,,,,,,,,0.22,,,0.24,,,
NC_000913,"2,147,021",SNP,T→C,alkA,,3-methyl-adenine DNA glycosylase II,,,1656819,M174V (ATG→GTG),,,,,,,,,,,,,,,,,,,,,,0.59,,,0.79,1.00,0.95,1.00,,,,,,,,,
NC_000913,"2,297,107",INS,+C,ccmA,,heme export ABC transporter ATPase,,,1656822,coding (538/624 nt),,,,,,,,,,,,,,,,,,,,,,,,,,1.00,1.00,,,,,,,,,,
NC_000913,"2,821,424",SNP,G→C,alaS,,alanyl-tRNA synthetase,,,1656825,G196G (GGC→GGG),,,,,,,,,,,,,,,,,,,,,,0.53,,,0.68,1.00,0.88,1.00,,,,,,,,,
NC_000913,"3,859,354",SNP,T→C,yidK,,putative transporter,,,1656838,N255D (AAC→GAC),,,,,,,,,,,,,,,,,,,,,,0.29,,,0.36,0.47,0.49,,,,,,,,,,
NC_000913,"2,859,142",SNP,G→A,mutS,,methyl-directed mismatch repair protein,,,1656827,A684T (GCC→ACC),,,,,,,,,,,,,,,,,,,,,,0.67,,,0.69,1.00,0.90,1.00,,,,,,,,,
NC_000913,"164,581",SNP,A→C,"hrpB, mrcB",,putative ATP-dependent helicase/fused glycosyl transferase and transpeptidase,,,1582332,intergenic (+47/‑149),,,,,,,,,,,,,0.25,,,,0.23,,,0.36,,,,,0.26,0.21,,,,,,,,,,,0.21
NC_000913,"1,237,329",MOB,IS2 (+) +5 bp,"ycgB, dadA",,SpoVR family stationary phase protein/D-amino acid dehydrogenase,,,1657258,intergenic (‑88/‑238),,,,,,,,,,,,,,,,,,,,,,,,1.00,,,,,,,,,,,,,
